,post,gt_labels_baseline,pred_labels_baseline,gt_labels_bertweet,pred_labels_bertweet,gt_labels_bertweet_hsol,pred_labels_bertweet_and_hsol
1,"oh, great! another magnet to attract the wrong kind of people we want in the us. we will never sol",irony,irony,irony,irony,irony,inferiority
3,"ice should surround them, herd them onto buses, take them to the mexican border & unload them there. tell the mexican govt to deal with them.",inferiority,threatening,inferiority,threatening,inferiority,threatening
4,sounds like some sort of skinhead thing  which is the complete opposite of identity evropa's aesthetic .,incitement,stereotypical,incitement,stereotypical,incitement,inferiority
5,"the one on the left is european nostalgia, the one on the right is the latest in african technology.",inferiority,inferiority,inferiority,incitement,inferiority,irony
9,i think it'll be covered once all the #illegals are out!,threatening,irony,threatening,irony,threatening,irony
17,this whole narrative that #daca people do so much for our economy is just not true . most are more racist than any white person in 2017 .,stereotypical,white_grievance,stereotypical,white_grievance,stereotypical,white_grievance
18,the answer is simple come legally you stay. come illegally you get deported. here illegally now you get deported.,incitement,white_grievance,incitement,white_grievance,incitement,white_grievance
26,but it's because jooos . if it was any other ethnicity  you'd be a little less ticked . tell me i'm wrong .,white_grievance,stereotypical,white_grievance,irony,white_grievance,irony
27,not racist at all brother makes you a patriot .,incitement,incitement,incitement,white_grievance,incitement,white_grievance
28,indiana in washington dc to demand an end to the replacement of european americans !,white_grievance,white_grievance,white_grievance,white_grievance,white_grievance,incitement
29,inner-city america is starting to look more and more like south africa every day.white women & kids aren't safe !,stereotypical,inferiority,stereotypical,white_grievance,stereotypical,white_grievance
31,no it is a hate crime except that we acknowledge it and u white wash the evil islam is,stereotypical,white_grievance,stereotypical,white_grievance,stereotypical,white_grievance
32,"brave man. he has a point. but, at least teach them that being an illegal alien is a violation of law.",threatening,irony,threatening,white_grievance,threatening,irony
34,"people, get on the horn & call the senate now to stop this big govt dysfunction called #amnesty. time is running out! call now 202.224.3121",threatening,incitement,threatening,incitement,threatening,incitement
37,"some people say i do n't let my wife choose anything , but that 's not true ! i let her choose between front hand and back hand .",threatening,irony,threatening,irony,threatening,irony
38,keeping jihadis at bay is more important than free speech .,threatening,stereotypical,threatening,threatening,threatening,stereotypical
43," msm running with it anyway  apparently it appeased the snowflakes . they shud be more concerned bout  "" spirit cooking "" "" than nazi's """,white_grievance,irony,white_grievance,irony,white_grievance,irony
46,so proud of my girls ! i've always argued feminist victimhood tactics are one of the good kinds of identity politics .,irony,irony,irony,stereotypical,irony,incitement
50,If we'd known that they'd cause this much trouble we'd have picked the fucking cotton ourselves!,inferiority,threatening,inferiority,irony,inferiority,irony
51,why not love hate ? the donald loves hate . white nationalists love hate . let's love hate !,incitement,white_grievance,incitement,white_grievance,incitement,white_grievance
52,the exploitation of southern poor white trash to turn them against their own countrymen  why do you think they chose abe ?,white_grievance,inferiority,white_grievance,white_grievance,white_grievance,inferiority
54,"  "" heritage not hate  guys ! the entire csa was black ! "" "" """,white_grievance,white_grievance,white_grievance,incitement,white_grievance,incitement
58,no more white submissivism to jewish supremacism .,white_grievance,stereotypical,white_grievance,stereotypical,white_grievance,stereotypical
62,europe should be white  your colonies are unnatural & unsustainable .,inferiority,inferiority,inferiority,inferiority,inferiority,incitement
63,the usa will no longer be around by then thanks to racist white liberals and illegal welfare bums .,white_grievance,inferiority,white_grievance,white_grievance,white_grievance,inferiority
72," you brought up race . i didn't . you claimed our pro-freedom ads were  "" racist . "" "" it's "" "" racist "" "" to resist jihad terror ? """,white_grievance,stereotypical,white_grievance,stereotypical,white_grievance,stereotypical
73,stop the illegals! they r criminal in actions! we have had enough! never crooked hillary always trump! trump-pence!,threatening,incitement,threatening,threatening,threatening,incitement
75,"all of the emperor's adopted amigos will be safe, warm & fed while our brave vets are homeless, cold and hungry!!",white_grievance,inferiority,white_grievance,inferiority,white_grievance,irony
78,it has nothing to do with being american but everything to with the preservation of the white race .,white_grievance,white_grievance,white_grievance,white_grievance,white_grievance,incitement
79,white men  think you are a child .,inferiority,stereotypical,inferiority,inferiority,inferiority,incitement
81," jewish activist on tv show says   "" low white birth rate a good thing "" "" | read more : via """,white_grievance,stereotypical,white_grievance,stereotypical,white_grievance,incitement
86,illegal alien may be allowed to pass the florida bar to practice law in america . ( but he's f'ing illegal ! ),white_grievance,irony,white_grievance,irony,white_grievance,irony
93,I don’t think I’m racist I love black people I think every family should have one,irony,incitement,irony,white_grievance,irony,stereotypical
96,"zog and its agents have, through their jungles of destructive regulations & inefficiencies, cheated us all of our nation's wealth & resource",stereotypical,inferiority,stereotypical,inferiority,stereotypical,inferiority
103,this boomer became an active white racist in 1968  wallace campaign  nsrp and finally nswpp  now new order so -,white_grievance,white_grievance,white_grievance,white_grievance,white_grievance,incitement
107,because too many of them are ( ( ( white ) ) ) .,stereotypical,white_grievance,stereotypical,stereotypical,stereotypical,incitement
119," i'm not antisemitic  i support palestinians . faux polish jews that immigrated to palestine aren't semites  you know  the jew  "" refugees "" "" . """,incitement,stereotypical,incitement,stereotypical,incitement,stereotypical
120,islamophobia the word is very divisive as it doesn't validate or even tolerate true fear people have of islamic incitement to terrorism .,incitement,stereotypical,incitement,stereotypical,incitement,stereotypical
121,yes ~ blacks & hispanics but the asians need police to protect them from those 2 racial / ethnic groups,stereotypical,stereotypical,stereotypical,stereotypical,stereotypical,white_grievance
122,hate group ? u want 2 know hate read quran  the hand book of hate,stereotypical,stereotypical,stereotypical,stereotypical,stereotypical,white_grievance
123,agreed . : anyone who supports #amnesty for foreign illegal invaders should move themselves south of the border .,incitement,threatening,incitement,threatening,incitement,inferiority
124,Your mom is Brazilian isn't she? Maybe she could come to the school sometime for gym and teach the class how to dance samba!,stereotypical,irony,stereotypical,irony,stereotypical,irony
131,rn the average white person is taught we were always the oppressor.we have a right to learn about the extraordinary achievements of our race,incitement,white_grievance,incitement,white_grievance,incitement,white_grievance
135,"haha crazy! its like saying blacks cant be intelligent,educated and well informed",irony,inferiority,irony,inferiority,irony,inferiority
136,"bexar county sheriff says the bill would alienate immigrants. wait, what? alienate illegal aliens?",irony,inferiority,irony,white_grievance,irony,white_grievance
138,these thugs don't care about race . that's a cover there using . they hate and want to destroy america .,stereotypical,white_grievance,stereotypical,white_grievance,stereotypical,white_grievance
146,oh white guilt .. like i said i have none of that,incitement,white_grievance,incitement,white_grievance,incitement,white_grievance
151,modern heretic : jew explains plan for white disarmament  genocide #withjewswelose,white_grievance,stereotypical,white_grievance,white_grievance,white_grievance,stereotypical
154,the republican party is not pro white . people need to shed themselves of that delusion and build a white party !,white_grievance,incitement,white_grievance,white_grievance,white_grievance,incitement
159,our cities were actually livable when they were run by those ebil racist white soopremacists,inferiority,inferiority,inferiority,stereotypical,inferiority,incitement
161,because of course #whitepeople need #billboard #marketing kkk #kkk,incitement,white_grievance,incitement,white_grievance,incitement,white_grievance
168,they should put them on a bus back to mexico,threatening,threatening,threatening,threatening,threatening,irony
169,jews are known for bravery . they could simply move to israel but instead they try to pass as white .,stereotypical,stereotypical,stereotypical,stereotypical,stereotypical,incitement
170,they hate white people alex ! and nobody hates them more than the people who look like the cast of seinfeld ! tell your viewers !,stereotypical,white_grievance,stereotypical,white_grievance,stereotypical,white_grievance
173,"great! throw them right back over the border. better yet, one way ticket to mexico city",threatening,irony,threatening,irony,threatening,irony
175,"when i was at the college & univ. i never received scholarships bcs all gone to mexicans & asians, i was not considered bcs i had money, not on merit basis, although i was teaching them for a decade. this is illegal system discouraging.",inferiority,inferiority,inferiority,white_grievance,inferiority,white_grievance
182,low iq  higher crime rates  higher rates of fatherless households,stereotypical,inferiority,stereotypical,inferiority,stereotypical,inferiority
183,funny how tolerating black crime is key to keep black politicians in power ; safe streets would bring whites back  and they'd want good govt .,stereotypical,white_grievance,stereotypical,stereotypical,stereotypical,incitement
185,"guantanamo is too good for them, gallows are better",threatening,threatening,threatening,threatening,threatening,irony
186," rt does  "" generation identity "" "" really want the "" "" remigration "" "" of black americans ? if yes  where to ?    """,incitement,white_grievance,incitement,white_grievance,incitement,white_grievance
191,"what else should american's know about them?who trained,funded and equipped these animals?ameri",inferiority,inferiority,inferiority,inferiority,inferiority,irony
193,how is he racist ? illegal isnt a race .,white_grievance,white_grievance,white_grievance,white_grievance,white_grievance,irony
195,perhaps some of the #msm is starting to open their eyes and see the true racial #truth #govt #us #africa,white_grievance,white_grievance,white_grievance,white_grievance,white_grievance,incitement
197,"I made a Chad tinder profile Females don't care how vulgar or disgusting you are when you're attractive, if I was to say the same things I've said to these people with my real picture they would call the cops on me  So far I've had 60 matches and none of them were disgusted by my messages, which were asking for sex straight up",stereotypical,irony,stereotypical,stereotypical,stereotypical,irony
201,it is no lie that kkk is the terrorist arm of the dems #history its for dinner,stereotypical,white_grievance,stereotypical,white_grievance,stereotypical,white_grievance
204,: addendum : western politicians damage also europe christianity by ' pandering ' to islam . actually they dama,white_grievance,stereotypical,white_grievance,stereotypical,white_grievance,stereotypical
206,black on white crime vs white on black crime ! #rt #stopislam #makedclisten #wakeupamerica,stereotypical,white_grievance,stereotypical,white_grievance,stereotypical,white_grievance
209," rt : how #jews feel about #whitepeople -  "" the white race is the cancer of human history . "" "" - jewess susan sontag #hate #israel # r ... """,stereotypical,white_grievance,stereotypical,white_grievance,stereotypical,white_grievance
212,he was clearly a white inferiorist of michael moore proportion,white_grievance,inferiority,white_grievance,stereotypical,white_grievance,incitement
213,absolutely  jews keep dying at the hands of white jews in order for the few je,white_grievance,stereotypical,white_grievance,stereotypical,white_grievance,stereotypical
218,wrong! they can't be let into the usa period!! #trump2016,threatening,threatening,threatening,threatening,threatening,incitement
219," is it technically considered a hate crime now to yell   "" trump ! trump ! trump ! "" "" at brown people ? #maga """,incitement,white_grievance,incitement,white_grievance,incitement,white_grievance
224,: we are organizing against new mexico driver's licenses for illegals ... stay tune ...,inferiority,incitement,inferiority,incitement,inferiority,incitement
225," supremacy requires diversity . white  "" supremacists "" "" are really separatists . wantnothing to do wnon-whites """,incitement,incitement,incitement,white_grievance,incitement,white_grievance
230,jews have always instigated and radicalized other racial minorities against white societies - they admit it here :,stereotypical,stereotypical,stereotypical,stereotypical,stereotypical,white_grievance
233,what does racist mean ? do i have to belive measured differences bw races on average are not real or are white ppl's fault ?,incitement,white_grievance,incitement,white_grievance,incitement,white_grievance
240,Co-worker's facebook status:: Not sure how the guy sitting next to me in class can smell so bad and still be alive. First comment:: Is he Indian?,stereotypical,stereotypical,stereotypical,stereotypical,stereotypical,inferiority
242,who's warning them? state or fed? invasion of innocents. shuttled in need to shuttle out!,threatening,threatening,threatening,threatening,threatening,irony
243,"boi we gonna send your kids across the border, get a taste of your damn medicine. never gonna see your family again fair.",threatening,inferiority,threatening,irony,threatening,irony
244,nah not really i once let a black kid beat me in cod just so he'd feel better about himself,inferiority,irony,inferiority,irony,inferiority,irony
246,anti-white ( ( ( ) ) ) walks out of gop convention . maybe he should move to israel since he so detests white goyim .,stereotypical,white_grievance,stereotypical,stereotypical,stereotypical,white_grievance
247,Check out CBSN On Assignment on CBS at 9pm they are gonna tell moslem kids its not right to cut peoples heads off... could be funny,irony,stereotypical,irony,stereotypical,irony,stereotypical
249,without white people to support blacks  blacks would go extinct in 6 months . they are too d,incitement,white_grievance,incitement,white_grievance,incitement,white_grievance
252,yeah hopefully sweden can b saved . america is a lost cause few white people stand up .,white_grievance,white_grievance,white_grievance,white_grievance,white_grievance,incitement
253,but is it still catch and release? close the border!,inferiority,threatening,inferiority,threatening,inferiority,threatening
256,"also, charge mexico for all legal & imprisonment costs, including transportation back to mexico! why are us citizens on the hook for any $$?",threatening,threatening,threatening,white_grievance,threatening,white_grievance
257,#howtospotafeminist their favorite colour isn't white .,irony,stereotypical,irony,irony,irony,white_grievance
258,It's time for a purge https://twitter.com/spf_7k/status/1031505226434584...,threatening,incitement,threatening,threatening,threatening,incitement
259,"i am in congressional district 27 california, i vote to end daca. what is the problem now?why illegals win &engineers get killed silently",white_grievance,white_grievance,white_grievance,stereotypical,white_grievance,incitement
263,that is not true ! hindus are theives they saw a white man show them,incitement,stereotypical,incitement,stereotypical,incitement,inferiority
265,"moats, alligators and the politics of border security #afire",threatening,inferiority,threatening,irony,threatening,inferiority
266,i say take them east of maryland about 200 miles toss em out and let em swim back,threatening,threatening,threatening,threatening,threatening,irony
272,"pastors take note; white architect designed your church,whites built it,whites paid for it. whit",inferiority,incitement,inferiority,white_grievance,inferiority,incitement
273,another study finds races naturally separate #swrm we hate other races in our white countries ! via,incitement,white_grievance,incitement,white_grievance,incitement,white_grievance
275,gingers are fitwomen that is..ginger men are aids,inferiority,irony,inferiority,inferiority,inferiority,irony
289,"I'm all for women's rights and freedom and whatever, as long as they still put out.",inferiority,incitement,inferiority,incitement,inferiority,incitement
296,picket businesses and even homes of anti white corporate filth ! no more mister nice guy ! white man fight !,white_grievance,inferiority,white_grievance,white_grievance,white_grievance,inferiority
297,this is crazy. how do you give a loan to someone who can be deported at will ?,white_grievance,irony,white_grievance,white_grievance,white_grievance,irony
299,"dear #blacklivesmatter, keep shooting at police. i am certain they will not mind when citizens shoot you. . .",threatening,incitement,threatening,white_grievance,threatening,irony
307,asking for a friend  he wants to join but he only wants the gay stuff  he doesn't believe in white genocide  ns  just good gay action,incitement,white_grievance,incitement,white_grievance,incitement,white_grievance
311,"bill warner, phd: the doctrine of cowards #islam via",irony,stereotypical,irony,stereotypical,irony,incitement
315,you can't be a independent thinker and work for a jew . attacking white racial interests / cucking for israel is usually demanded .,stereotypical,white_grievance,stereotypical,stereotypical,stereotypical,white_grievance
324,because lesbian jews should be telling whites how to raise their kids .,irony,irony,irony,stereotypical,irony,stereotypical
329,What's the difference between a black person and a bucket of shit? The bucket.,inferiority,irony,inferiority,irony,inferiority,irony
330,supremacists of any tilt are stupid  black  white or whatever . and yes black supremacists exist  i just have to watch hidden colours to see .,white_grievance,white_grievance,white_grievance,stereotypical,white_grievance,incitement
333,white europeans are a great race and are recognized as being great around the world,inferiority,incitement,inferiority,incitement,inferiority,incitement
335,why do liberals ignore the black elephant in the room ? the ability of black people to own firearms and gun violence in inner cities #nra,stereotypical,stereotypical,stereotypical,stereotypical,stereotypical,irony
338,"Wow, look at all these black kids. Hey, I bet they all have the same dad. All black people are totally related.",stereotypical,irony,stereotypical,irony,stereotypical,irony
342,: black on white crime is the new norm in america . watch colin flaherty videos on you tube,stereotypical,stereotypical,stereotypical,white_grievance,stereotypical,white_grievance
344,it's a shame and a disgrace that mexico doesn't want to take care of its own citizens !,white_grievance,white_grievance,white_grievance,inferiority,white_grievance,inferiority
348,it's us white gentiles getting screwed ! :,white_grievance,stereotypical,white_grievance,white_grievance,white_grievance,stereotypical
351,: #california taxpayers footing the bill for illegal alien driver's licenses #immigration #gapol ga2,inferiority,white_grievance,inferiority,white_grievance,inferiority,white_grievance
353,white men can sleep with other races but should marry within their own race . white women should remain virgins until their wedding night and should only be with white men .,incitement,incitement,incitement,white_grievance,incitement,white_grievance
359,msm laughing @ trump deporting 11 million illegals. he doesn't have to! they will self-deport if you cut em off govt teat!,threatening,threatening,threatening,white_grievance,threatening,incitement
362,so  white lives don't matter to jews in nashville ?,irony,stereotypical,irony,stereotypical,irony,white_grievance
363,Having a criminal record is more attractive to women than having a PhD A violent alpha male is the ultimate sexual desire for women.,stereotypical,inferiority,stereotypical,stereotypical,stereotypical,inferiority
365,another anti-white hate crime by a muslim .,stereotypical,white_grievance,stereotypical,white_grievance,stereotypical,white_grievance
371,i read stories of states which drove off whites  their economies failed . poor africans cried and begged for whites to return .,stereotypical,white_grievance,stereotypical,white_grievance,stereotypical,white_grievance
374,when 3035 th white farmer shot dead in south africa in front of wife #swrm #white #wpww via,incitement,stereotypical,incitement,stereotypical,incitement,stereotypical
375,jews ie rejectors of christ control social media . yes they are white but love globalism not nationalism,stereotypical,stereotypical,stereotypical,stereotypical,stereotypical,white_grievance
377,"trump has the veto power and must use it to kill this unconstitutional """"bill"""" (if it makes it to his desk).. and then start the deportation of all the illegals.",threatening,threatening,threatening,threatening,threatening,incitement
379,#drought in #california is not caused by #toomanypeople . pr14 : 34 says sin is the problem . #repentnpray for rain,incitement,inferiority,incitement,stereotypical,incitement,inferiority
380,only trump will drain this swamp!,threatening,threatening,threatening,inferiority,threatening,inferiority
382,an interesting theory but it doesn't change that jews are white,incitement,stereotypical,incitement,stereotypical,incitement,stereotypical
389,pastors take note ; white architect designed your church  whites built it  whites paid for it . white supremacy = good,inferiority,incitement,inferiority,white_grievance,inferiority,incitement
392,cair national think you might be surprised how far americans can turn the clock back when we've had enough !,incitement,irony,incitement,inferiority,incitement,inferiority
394,7 / in a thousand years  european monarchs didn't assert the power of our federal judges to privilege aliens and redefine marriage,stereotypical,incitement,stereotypical,incitement,stereotypical,incitement
395,lol . you will learn what it means to be white and proud of your race . or be jooish and face the consequences .,threatening,incitement,threatening,white_grievance,threatening,white_grievance
396,"  "" and by this political union between them  holding the white race at the south in complete subjection . "" "" brilliant piece ! love ! """,white_grievance,incitement,white_grievance,white_grievance,white_grievance,incitement
400,"lol. yes, africa isn't a developed land because of whites.",irony,inferiority,irony,inferiority,irony,inferiority
401,the real holocaust was done to germans by the allies  on the defenseless  not on soldiers  6 million myth only a cover-up story #whitegenocide,incitement,white_grievance,incitement,white_grievance,incitement,white_grievance
404,"good, it's about time. take away the incentives that make them come here illegally and watch the invasion stop.",white_grievance,threatening,white_grievance,threatening,white_grievance,incitement
405," how do  "" they "" "" describe the white house correspondence dinner ? as a anti-white jewish propaganda rally ? """,stereotypical,stereotypical,stereotypical,stereotypical,stereotypical,irony
407,white nationalist  do not hate other races  we wish only to separate ourselves from them  to preserve our heritage  culture and identity,white_grievance,incitement,white_grievance,white_grievance,white_grievance,incitement
408,white identity politics does lift everyone . white race has been greatest good on the planet  race-wise .,inferiority,incitement,inferiority,incitement,inferiority,incitement
410,yes . those immigrants are getting paid to live here and most americans are struggling to live .,white_grievance,stereotypical,white_grievance,stereotypical,white_grievance,stereotypical
411,"they may have not taken gender study classes, but at least they work & know which bathroom to use.",irony,irony,irony,inferiority,irony,inferiority
414,jew caught and tortured rudolkf hoess : uncle ...,white_grievance,stereotypical,white_grievance,stereotypical,white_grievance,stereotypical
417,"flood: feds predict another 127,000 illegals this year via #border #secureourborder #noamnesty",inferiority,inferiority,inferiority,stereotypical,inferiority,white_grievance
419,new black panther leader says he's gonna hunt down and kill white people | full story :,white_grievance,stereotypical,white_grievance,stereotypical,white_grievance,stereotypical
426,"I wish GPS' had an avoid ghetto"" setting!""",inferiority,irony,inferiority,irony,inferiority,irony
428,: #marriage sanctioned by god is the joining of one man and one woman  as their genders were determined by god at conceptio,incitement,incitement,incitement,stereotypical,incitement,inferiority
429,"rt sad, isn't it? poor thing doesn't even know if she's the hubby or the wife in her """"marriage.",irony,irony,irony,inferiority,irony,inferiority
430,border agent: obama 'catch and release' policies fueling illegal immigration to u.s.,inferiority,white_grievance,inferiority,stereotypical,inferiority,white_grievance
432,omg the royals have been brainwashed . happened once they denied their christian beliefs . every person ever alive can fit into tx w / space,incitement,inferiority,incitement,inferiority,incitement,inferiority
433,ryan. i think your days are numbered. we in az totally 100% agree with arpio's pardon. and remember. it was a misdemeanor! obama let murders,threatening,stereotypical,threatening,white_grievance,threatening,white_grievance
434,"jeff, let's hit these illegal sanctuary cities in the pocketbook, just where it hurts..then watch them get in line very quickly !",threatening,threatening,threatening,threatening,threatening,irony
436,white  the new black,white_grievance,incitement,white_grievance,incitement,white_grievance,incitement
439,"as if muslims at the border will admit they want islamic law. """"do you believe gays should die?"""" """"no."""" """"ok, in you go.",irony,irony,irony,stereotypical,irony,stereotypical
442,"a long time ago, it used 2b this way! we didn't allow ppl in who didn't have something 2offer us!",white_grievance,stereotypical,white_grievance,inferiority,white_grievance,inferiority
444,mt . any religion is better than islam . #tcot #bansharia #banislam,inferiority,stereotypical,inferiority,threatening,inferiority,incitement
445,islamic mosque built over original shri krishna janmabhumi #hdl | mosque must be destroyed now via,incitement,stereotypical,incitement,stereotypical,incitement,stereotypical
446,in white power by rockwell  chapter called : nightmare  is coming true ! all out black on white war ! prepare now !,white_grievance,incitement,white_grievance,white_grievance,white_grievance,incitement
447,america was meant to be a white country . jim crow was meant to preserve the america the founding fathers envisioned .,inferiority,incitement,inferiority,incitement,inferiority,incitement
451,Pennies are brown because they’re worth almost nothing and cost more to manufacture than what they’re worth.,inferiority,irony,inferiority,irony,inferiority,irony
453,( ... but keep the pipeline open for white people ... shhhhh ),inferiority,incitement,inferiority,white_grievance,inferiority,white_grievance
460,i cannot refute autistic screeching. even jewish sorcery has its limits.,irony,inferiority,irony,stereotypical,irony,stereotypical
462,somalians celebrate christmas in denmark : horrific racially motivated attack on white couple attack-on-white-couple via,white_grievance,stereotypical,white_grievance,stereotypical,white_grievance,stereotypical
463,cernovich claims he's a jew---it sure shows . #lol .,stereotypical,incitement,stereotypical,stereotypical,stereotypical,inferiority
467,"you're a smart guy, what color is your wife?",inferiority,irony,inferiority,irony,inferiority,irony
469,"If the Japs are offended, then screw them. They should have stayed away from Pearl Harbor."" The highest rated comment on a very old and very racist Bugs Bunny cartoon shown on YouTube. 7 macro,race 6 years ago",incitement,inferiority,incitement,irony,incitement,irony
471,"enough is enough! call out all democrats and republicans who deny this, says this #american - and end the free ride!",threatening,white_grievance,threatening,white_grievance,threatening,incitement
472,our overlords / elites have a plan to genocide european,threatening,white_grievance,threatening,stereotypical,threatening,white_grievance
474,"they r illegals, not """"californians"""" & they should be living in fear every day & not have a moment of comfort!",inferiority,inferiority,inferiority,stereotypical,inferiority,incitement
477,deplorables don't need white supremacists trying to give us a bad name . you are worthless just like antifa and black lives matter . go away !,inferiority,white_grievance,inferiority,white_grievance,inferiority,white_grievance
485,and let's in only rich white immigrants  keeping out the undesirable  non-white poor which is its ultimate goal .,inferiority,white_grievance,inferiority,stereotypical,inferiority,incitement
488,whores of babylon : lena dunham celebrates white genocide via,incitement,white_grievance,incitement,white_grievance,incitement,white_grievance
495,those pesky buddhist again!,inferiority,inferiority,inferiority,irony,inferiority,irony
497,but white people wont be rioting . just saying .,stereotypical,white_grievance,stereotypical,white_grievance,stereotypical,white_grievance
499,"no they cannot talk, they communicate by pheromones and by scent. allah forgot that part!you are dismissed",inferiority,threatening,inferiority,irony,inferiority,irony
503,the sign says : we're better will less white people than with more white people .,white_grievance,white_grievance,white_grievance,incitement,white_grievance,incitement
511," rt are  "" bronies "" "" the future of white nationalism ? #gay #newright """,stereotypical,incitement,stereotypical,white_grievance,stereotypical,white_grievance
516," ns might of glorified an aryan race as superior . but they weren't racist like these  "" skinheads "" "" you see today . """,stereotypical,white_grievance,stereotypical,white_grievance,stereotypical,incitement
517,islam breeds people like him.,inferiority,stereotypical,inferiority,stereotypical,inferiority,stereotypical
518," rt must read :  "" illegal alien "" "" : the proper terminology """,incitement,irony,incitement,stereotypical,incitement,stereotypical
519,why #hindumassmurder ? bcoz hindus worship leaders like gandhiji.congress imports 40000 #rohingyas & 2cr bangladeshis 2 destroy hindus .,white_grievance,stereotypical,white_grievance,stereotypical,white_grievance,stereotypical
522,if anyone really watched the difference between whites from houston after harvey w / pr & florida between ; you saw the difference in culture .,stereotypical,incitement,stereotypical,white_grievance,stereotypical,incitement
526,stop with the warnings. start the action! sic em!,threatening,threatening,threatening,threatening,threatening,irony
534,david duke : the racial murder and rape of white women in america | read more : via,stereotypical,white_grievance,stereotypical,white_grievance,stereotypical,white_grievance
536,go ahead. pardon still doesn't make any less deportable. can't prosecute but can load em up so they can make mexico great,threatening,threatening,threatening,irony,threatening,incitement
538,fuggedaboutit  its over . we lost . th jews won . the rising tide of color against white world-supremacy * * *,white_grievance,incitement,white_grievance,stereotypical,white_grievance,incitement
539,agreed . the white race has built and invented every aspect of modern civilisation .,white_grievance,incitement,white_grievance,inferiority,white_grievance,incitement
540,racist black goes on shooting spree  says his teachers taught him to hate whites | read more :,stereotypical,white_grievance,stereotypical,white_grievance,stereotypical,white_grievance
541,op ; white storm #wpww #whitegenocide,incitement,white_grievance,incitement,white_grievance,incitement,white_grievance
543,if they're killing your cattle isn't it time to start shooting back?,threatening,stereotypical,threatening,irony,threatening,irony
545,"tonight i will vote to crack down on sanctuary cities. if a city ignores federal law, shouldn't get fed. $$$ #sayfie",threatening,threatening,threatening,white_grievance,threatening,incitement
546,creativity is the only hope for white people . - white people are the best -,white_grievance,incitement,white_grievance,incitement,white_grievance,incitement
547,will mike tell us how jewish wives are the last stand of implicit white identity ?,incitement,stereotypical,incitement,stereotypical,incitement,stereotypical
548,the hostility and contempt the jew has for the white man and his civilization cannot be more obvious . jews are openly at war with whites,stereotypical,stereotypical,stereotypical,stereotypical,stereotypical,white_grievance
552,somali tied to jihadists worked with two un agencies : and why not ? what does the un do these days but play t ...,irony,stereotypical,irony,stereotypical,irony,stereotypical
557,nationalist front to host white lives matter rally in middle tennessee via white is beautiful  ! !,incitement,incitement,incitement,white_grievance,incitement,white_grievance
558,what happens when the whites get a belly full of diversity and leave .,incitement,white_grievance,incitement,white_grievance,incitement,inferiority
560,time to end sanctuary cities joe manchin! stop haboring illegal immigrants! obey laws of united states of america secure borders #maga,threatening,incitement,threatening,incitement,threatening,incitement
561,just don't allow any in and start hiring our american people to do the jobs .,incitement,incitement,incitement,inferiority,incitement,inferiority
562,"Seeing prostitutes is morally wrong, but being one is not Why do women defend prostitutes while at the same time judging men for seeing them?",irony,inferiority,irony,stereotypical,irony,inferiority
566,the united states is the single biggest threat to the white race  in north america and abroad  that exists today . being a white nationalist and an american nationalist are mutually exclusive . death to america !,incitement,white_grievance,incitement,white_grievance,incitement,white_grievance
567,send the illegals back.the parents should have entered legally.mexico will take them back .,incitement,threatening,incitement,threatening,incitement,threatening
569,all nationalists - white  black  asian  or latin - are against globalization & foreign interference . they will fight jews .,stereotypical,incitement,stereotypical,incitement,stereotypical,incitement
571,but they'll pack explosives made with gelatin to their bodies and explode themselves in a spray of pig fat.,irony,irony,irony,inferiority,irony,inferiority
579,You were damn lucky to end up in America if u were a slave compared to the shitholes to the south of us. TRUTH,stereotypical,inferiority,stereotypical,inferiority,stereotypical,inferiority
580,remember goys  making disparaging remarks about poor less educated whites is always ok,irony,white_grievance,irony,white_grievance,irony,white_grievance
585,it's statues now . eventually it will be calls to ban vanilla ice cream  white bed sheets  and to denounce snow as racist . insanity .,irony,irony,irony,white_grievance,irony,white_grievance
586,so happy to see uneducated illegals going to canada,irony,inferiority,irony,inferiority,irony,inferiority
590,: ku klux klan heads to ferguson race riots to guard white businesses and protect innocent whites,incitement,white_grievance,incitement,white_grievance,incitement,white_grievance
595,two million arab refugees are ready to invade europe . why can't the eu just close the turkish border ?,incitement,stereotypical,incitement,stereotypical,incitement,stereotypical
596,"they know how many overstayed, but what have they done about them?",white_grievance,threatening,white_grievance,white_grievance,white_grievance,irony
597,"nobody says back to mexico. put him on a plane to iraq, russia, africa anywhere it will taken longer to sneak back in,",threatening,threatening,threatening,inferiority,threatening,irony
599,did you all hear the bs the media is spreading about our fuhrer ? #micropenis,incitement,incitement,incitement,irony,incitement,irony
601,donald trump won't explain how muslim plan differs from nazis ' tracking of jews via #expeltheinvaders,incitement,stereotypical,incitement,stereotypical,incitement,stereotypical
602,no country for minority white children : racist attacks by violent non-whites rising in america via,stereotypical,white_grievance,stereotypical,white_grievance,stereotypical,white_grievance
605,judeo-mason stratagem : 1 ) establish a democracy 2 ) create a central bank 3 ) seize control of mass media 4 ) destroy racial / cultural identity,stereotypical,stereotypical,stereotypical,white_grievance,stereotypical,incitement
607,: all-white town fights to preserve segregation in the anti-white new south africa,incitement,incitement,incitement,white_grievance,incitement,white_grievance
608,illegals can sue hahahawell winning your lawsuit is another matter!,irony,white_grievance,irony,irony,irony,white_grievance
610," deadly syllables > mc / mc-cas-kill : loon who enjoys her  "" love pat for the day from the tsa ; ; kill : ill-egals thrive & kill in cities """,stereotypical,inferiority,stereotypical,stereotypical,stereotypical,threatening
611,"good job, next time, also bring a wooden """"soap box"""" for speakers to stand on -this is trad., very ameri",inferiority,irony,inferiority,irony,inferiority,irony
612,cut immigration by at least 75 % ! raise does not do enough !,threatening,incitement,threatening,incitement,threatening,incitement
613," it's  "" white ruling elite "" "" turned america into a great melting pot.brain drain & cheap manual labor benefit america """,stereotypical,inferiority,stereotypical,inferiority,stereotypical,inferiority
616,"walid shoebat on the bergdahl family #islam connection * the savage nation * march 26, 2015",inferiority,incitement,inferiority,stereotypical,inferiority,incitement
619,"i would be raising hell if i lived in connecticut! all these states need to get rid of illegals,abuse to citizens",threatening,inferiority,threatening,white_grievance,threatening,incitement
626,"  "" i was going to save the white race  but then i saw a swastika . "" "" """,irony,incitement,irony,white_grievance,irony,white_grievance
630,amusing how few keralites sanctimoniously advise rest of india when own backyard reeks of minority communalism,inferiority,stereotypical,inferiority,white_grievance,inferiority,white_grievance
632,"gov't petition against sharia law in canada, this video is our warning, all welcome to sign #m103 #sharialaw",threatening,incitement,threatening,incitement,threatening,incitement
636,starvation and barrel bombs.,inferiority,inferiority,inferiority,threatening,inferiority,threatening
638,"we need to stop terrorism. its bad!"""" your proposal is?""""only let in the based muslims!"""" o oh. okay.",irony,stereotypical,irony,stereotypical,irony,incitement
640,a tale of the jews and the white genocide ( video ) via,incitement,white_grievance,incitement,white_grievance,incitement,white_grievance
641,why do colored people eagerly run to white countries to be oppressed ?,inferiority,white_grievance,inferiority,white_grievance,inferiority,white_grievance
643,no . this is the nation of the united states of america . white people are indigenous to the usa .,stereotypical,incitement,stereotypical,incitement,stereotypical,incitement
648,white girl shot to death for fun by black racist murders via,white_grievance,white_grievance,white_grievance,stereotypical,white_grievance,stereotypical
654,anti-racist is just code for anti white . no one says that africa needs to have a blended humanity,white_grievance,white_grievance,white_grievance,white_grievance,white_grievance,incitement
655,elephant in the room: immigration-driven population growth creates unparalleled demand for housing. #toomanypeople,inferiority,inferiority,inferiority,stereotypical,inferiority,incitement
656,trump adviser says he will ban muslim brotherhood and its offshoots cair  isna via,incitement,stereotypical,incitement,stereotypical,incitement,stereotypical
658,what could people in disagreement with national socialism possibly be missing ? murderous thuggery = we got it . individ liberty is best .,stereotypical,stereotypical,stereotypical,stereotypical,stereotypical,incitement
659,islam is a white man's fraud .,stereotypical,stereotypical,stereotypical,white_grievance,stereotypical,white_grievance
662,cnn will find and interview the one tranny in history that was inconvenienced,irony,inferiority,irony,irony,irony,inferiority
664,make it so horrendous that illegals don't want to come back illegally.,threatening,inferiority,threatening,white_grievance,threatening,white_grievance
666,good luck with that. illegals should not be here to be detained they should be in their own country or file for citizenship,threatening,threatening,threatening,inferiority,threatening,white_grievance
667,jews push 4immigration and white genocide :,white_grievance,white_grievance,white_grievance,white_grievance,white_grievance,stereotypical
669,"Person cutting my hair:: So are you seeing anyone? Me:: Not since things ended with my last boyfriend. It was complicated, he was from Afghanistan... Person cutting my hair:: And he was a terrorist? I was going to say that a close family member had died in a bombing and he had to go back to Kabul. But I guess terrorist works?",stereotypical,stereotypical,stereotypical,stereotypical,stereotypical,irony
672,You mean your boyfriend coded it up in a week!,inferiority,irony,inferiority,irony,inferiority,irony
674,#roof and jared taylor have something in common they both like jews and think they are useful .,incitement,stereotypical,incitement,irony,incitement,irony
679,: wake up white america ! ! your end is coming : ; wtf ? !,incitement,white_grievance,incitement,white_grievance,incitement,white_grievance
681,i have never understood why people thing homosexuality is something to celebrate . it is not . it is aber,incitement,stereotypical,incitement,stereotypical,incitement,stereotypical
682,planned parenthood started to kill black babies . racist and murder . d,incitement,stereotypical,incitement,stereotypical,incitement,white_grievance
685,"  "" : latest unhinged anti-white rant at #ferguson "" "" ugly black lesbian . #negrogeddon """,stereotypical,white_grievance,stereotypical,white_grievance,stereotypical,white_grievance
687,no god damned amnesty to any illegal aliens,white_grievance,inferiority,white_grievance,white_grievance,white_grievance,incitement
689," glaciers  nordic women  peace and prosperity . libs tell me a white ethnostate is  "" racist . "" "" so what ? """,incitement,stereotypical,incitement,white_grievance,incitement,white_grievance
690,where are the american gun-owners when a filthy mud-slime goes all alla-hoo-ak-bar?,inferiority,inferiority,inferiority,irony,inferiority,irony
691,Eliminate jews and we'd be living on Mars in 50 years.,inferiority,threatening,inferiority,irony,inferiority,irony
693,the whole point of #laraza is to literally cuck white america . make whites pay to raise greasy mestizo kids .,inferiority,white_grievance,inferiority,white_grievance,inferiority,white_grievance
698,whites don't need anyone's permission to take care of themselves .,incitement,white_grievance,incitement,inferiority,incitement,inferiority
699,the fact that is already sucking up to violent sjws and black lives matter supporters shows why skeptics were right about #cruzcrew,stereotypical,white_grievance,stereotypical,white_grievance,stereotypical,white_grievance
701,we are losing our country and you idiots don't care too scared to stand up and fight against obama n politician illegals,incitement,white_grievance,incitement,white_grievance,incitement,inferiority
702,"they can't be taught,have had more than enough warnings,look at any country",threatening,inferiority,threatening,inferiority,threatening,inferiority
703,"native americans were here first, there's no denying it, and they didn't secure their borders. see what happens?",irony,white_grievance,irony,white_grievance,irony,incitement
704,: jewish harvard professor wants to abolish the white race ! read more : via,stereotypical,white_grievance,stereotypical,white_grievance,stereotypical,white_grievance
708,they sent the europeans to america to do all the things isis is doing  to demonize white people and christianity,white_grievance,stereotypical,white_grievance,stereotypical,white_grievance,stereotypical
710,"sharia law,that means non muslims to be inferior,so peaceful.",stereotypical,stereotypical,stereotypical,inferiority,stereotypical,inferiority
712,hang obama deportation for all illegals kids too no amnesty no permits no reform no medical aide no school aide,threatening,white_grievance,threatening,threatening,threatening,incitement
716,no more jobs for illegals!!,threatening,white_grievance,threatening,white_grievance,threatening,incitement
719,selma plot . let me guess . completely virtuous black folks & the generous yankees & jews fight against the evil southern white man . yay ...,irony,incitement,irony,stereotypical,irony,incitement
720," is trying to preserve a western culture that was cultivated by white europeans   "" white supremacy "" "" ? """,white_grievance,incitement,white_grievance,white_grievance,white_grievance,incitement
722,"vetted """"hell"""", we need to shut the immigration down. the quality is not coming . the last 35 years we have been over run.",threatening,inferiority,threatening,inferiority,threatening,incitement
731,white patriots should demonstrate at anti white politicians rallies  hold signs exposing their anti white actions !,incitement,white_grievance,incitement,white_grievance,incitement,white_grievance
733,what she really means is your white  allah will judge you  and non-believers have no morality . ;) :,irony,white_grievance,irony,stereotypical,irony,stereotypical
737,chin up . we'll all soon be compelled to accept everybody is a racist ( the right thing ) when gene editing / life extension science is commercialized + competition for white / asian dna makes it irrefutably clear the negroid dna has no commercial value : ~ 100 yr extinction event,inferiority,inferiority,inferiority,white_grievance,inferiority,white_grievance
743,"victories against illegals in nc, or, and texas?",threatening,inferiority,threatening,white_grievance,threatening,incitement
744,when a white person tells the truth that black people are the cause of there own pro,inferiority,white_grievance,inferiority,white_grievance,inferiority,stereotypical
746,i like my women the way i like my fish . . . battered .,threatening,inferiority,threatening,irony,threatening,irony
752,"stop chasing every anti-gun activist that moseys on by & keep your eye on the target, goofballs.",threatening,inferiority,threatening,stereotypical,threatening,inferiority
753,"money why else, they hate christianity because it makes them feel superior but they want to believe in something",stereotypical,stereotypical,stereotypical,stereotypical,stereotypical,white_grievance
754,send the whole student body to iran for a taste of raghead justice!,threatening,threatening,threatening,threatening,threatening,irony
755,then go back to mexico .,incitement,incitement,incitement,threatening,incitement,irony
756,"oh but """"evil"""" gulf countries are just sooo misogynistic, told me so.",irony,irony,irony,inferiority,irony,inferiority
759," depends who is doing the  "" colonizing . "" "" many nations in africa flourished under european colonization . """,inferiority,incitement,inferiority,inferiority,inferiority,incitement
763,To the women marching across the US today  Have as many abortions as you’d like  Boycott sperm  Get sterilized  Boycott the patriarchy  Kill yourselves in protest,threatening,stereotypical,threatening,irony,threatening,irony
764,since i'm half white can i still join ? ? i may appear black but i'm white in my heart #whitelivesmatter #whitepride,inferiority,incitement,inferiority,incitement,inferiority,incitement
765,number 5 addition : unless they're black  then call them a twitter bot or say they hate themselves .,white_grievance,stereotypical,white_grievance,white_grievance,white_grievance,irony
767,it is time to close the border by using the military; and start enforcing e-verify; deport all illegals,threatening,threatening,threatening,threatening,threatening,incitement
769,We had finished the mass and were beginning to leave the church. A bearded man ran towards the church shouting 'Allahu Akbar' (God is greatest) and killed four people.,stereotypical,stereotypical,stereotypical,stereotypical,stereotypical,irony
773,yet nazis are dominating your politics today  white race is in danger ; u must know,incitement,white_grievance,incitement,white_grievance,incitement,white_grievance
780,jackin it to the statue of david to uhhh save the white race,irony,white_grievance,irony,white_grievance,irony,white_grievance
783,do black people work in fields in central alabama ?,stereotypical,irony,stereotypical,irony,stereotypical,irony
785,1 ) they have courage of conviction  those white men who publicly gather as white men . thei,white_grievance,incitement,white_grievance,white_grievance,white_grievance,incitement
789,what does this mean? it means you don't own enough #ammunition!#buymore!,threatening,stereotypical,threatening,stereotypical,threatening,irony
790,the evil bastard? what should i say? i feel sick. and now islam? good help us..,white_grievance,irony,white_grievance,stereotypical,white_grievance,irony
794,: leftists march against white people across the usa via,stereotypical,white_grievance,stereotypical,white_grievance,stereotypical,white_grievance
795,yes  and give it to the white deserving poor .,inferiority,incitement,inferiority,white_grievance,inferiority,white_grievance
796,shouldn't have funds for any illegals other than expediting them out of here asap.,threatening,threatening,threatening,threatening,threatening,white_grievance
801,know ... what #modi ji has done for hindus so far ! ! . 1 ) more than 30000 ngos are banned which causes christian ...,incitement,stereotypical,incitement,stereotypical,incitement,stereotypical
803,"ridiculous garbage wackos spewing"""" excellent words i'm sure you can back up?",irony,inferiority,irony,irony,irony,inferiority
804,you should see sm . towns in arkansas ; majority were white 70 %  blacks 25 %  other 5 % . now . white 45 %  black 20 % & mexican ( maj . illegals ) 35 % !,stereotypical,stereotypical,stereotypical,stereotypical,stereotypical,incitement
806,because prior to that  almost everybody in white societies was white .,white_grievance,white_grievance,white_grievance,white_grievance,white_grievance,incitement
808,total bullshittrump did not blame #unitetheright unitrump knows where the * real * hate and violence,incitement,white_grievance,incitement,white_grievance,incitement,white_grievance
809,been called trumpkins  stupid  misogynists  racists  white supremacists  deplorables  & russiansjust dont ever call me democrat or liberal,irony,inferiority,irony,white_grievance,irony,white_grievance
817,dreamers are illegal. if someone kills someone after so long they get away with it. murder will be oked next. deport the leeches.,inferiority,threatening,inferiority,inferiority,inferiority,threatening
819," rt :  "" black lives matter & antifa can show up with mace  acid & baseball bats "" "" .. while your far right romp u """,incitement,white_grievance,incitement,white_grievance,incitement,irony
820," rt uk video :  "" you're a jew  not a muslim ... jew  jew  jew run ! "" "" #islam #islamophobia #tcot #antimuslim """,incitement,stereotypical,incitement,stereotypical,incitement,stereotypical
826,why is it the #jews & #catholics of europe wanted to come to a country founded by evil white nationalist protestants ? #scalise,irony,stereotypical,irony,stereotypical,irony,stereotypical
827,2 . they can't commit welfare fraud  by hiding income . 3 . they pay their fair share of taxes . illegal immigration must end  bad 4 all .,stereotypical,stereotypical,stereotypical,white_grievance,stereotypical,white_grievance
830,but flooding white america with race mixing in advertisements is just as wrong as forcing an individual to not marry someone of other race .,incitement,white_grievance,incitement,white_grievance,incitement,white_grievance
832,"about 8% of what it costs to feed, clothe, house & incarcerate them every year. #buildthatwall!",inferiority,threatening,inferiority,threatening,inferiority,incitement
835,another #jew admits to white #genocide being their goal . must watch # #immigration #racism,stereotypical,white_grievance,stereotypical,white_grievance,stereotypical,white_grievance
839,America will be great again especially after all of these people who made it a nightmare die off!! Good riddance!,threatening,incitement,threatening,inferiority,threatening,incitement
842,the third-world colonization of australia has continued apace ! read more : via,stereotypical,inferiority,stereotypical,inferiority,stereotypical,inferiority
843,is a racist hispanic supremacist that hates white people and jokes about illegal aliens crapping in our american food supply .,white_grievance,white_grievance,white_grievance,white_grievance,white_grievance,stereotypical
845,: zuckerberg's dream : the jewish ruled anti-white racist social network .,white_grievance,stereotypical,white_grievance,stereotypical,white_grievance,stereotypical
847,both north america and europe belong to us . white men conquered and colonized both .,incitement,incitement,incitement,white_grievance,incitement,white_grievance
848,those alt-right guys sound like they are on to something !,incitement,incitement,incitement,irony,incitement,irony
852,: white americans have remained shockingly european despite decades of race mixing propaganda,inferiority,incitement,inferiority,incitement,inferiority,incitement
855,"well, there was the time ivana accused him of rape but you seem like the type to ignore that. :) however, that wasn't my point at all. i'll see if i can dumb this down a little for you, hon. ok, here goes!",irony,irony,irony,irony,irony,stereotypical
857,after #sanjose  #nevertrump sides with mexican nationalists attacking their own people ...,stereotypical,white_grievance,stereotypical,stereotypical,stereotypical,white_grievance
858,the white holocaust of ukraine from russian jew communists .,white_grievance,stereotypical,white_grievance,stereotypical,white_grievance,stereotypical
860,"  "" : incog man : apeman burns beautiful white teen in car trunk via "" "" """,inferiority,stereotypical,inferiority,stereotypical,inferiority,stereotypical
863,"the organizational and social strategy of 'dune coon' movements like Hezbollah and the Muslim Brotherhood are light years beyond the machinations of the white master race in virtual space, even if we adjust for contextual differences.",stereotypical,inferiority,stereotypical,inferiority,stereotypical,incitement
868,illegal aliens dare authorities to deport them #immigration #tcot #teaparty,incitement,inferiority,incitement,stereotypical,incitement,inferiority
869,islamists throughout the white house ? #rt #stopislam #crusades #makedclisten #wakeupamerica,incitement,stereotypical,incitement,stereotypical,incitement,stereotypical
876,"here you go fbi! get this pos! """"animal!"""" out of my country! before this asshole acts on it!",threatening,inferiority,threatening,inferiority,threatening,inferiority
878,"  "" lawyers for la raza ... believe it is their mission to humiliate and destroy white christian america . "" "" """,stereotypical,white_grievance,stereotypical,stereotypical,stereotypical,white_grievance
879,9 year old white boy commits suicide after being tormented for months by racist arabs via,white_grievance,stereotypical,white_grievance,stereotypical,white_grievance,stereotypical
886,keep kicking and braying for me donkey!,inferiority,inferiority,inferiority,irony,inferiority,irony
889,keep up the good work  ice !,incitement,incitement,incitement,incitement,incitement,irony
890," also  using a lower case  "" white "" "" might make you look less white surpremacycy . <-- is that even right ? """,irony,white_grievance,irony,white_grievance,irony,white_grievance
891,"all arabs, africans and pakistanis should be banned from europe. they are not compatible.",threatening,threatening,threatening,threatening,threatening,inferiority
892,what is wrong with cook ? all of human history is war and conquest . white people are simply th,incitement,inferiority,incitement,white_grievance,incitement,white_grievance
893,"Via @VDARE‍, article on how the death penalty improved the European gene pool by removing the most violent and least religious young men: https://www.vdare.com/articles/death-penalty",threatening,stereotypical,threatening,stereotypical,threatening,stereotypical
895,if you're white you are responsible for genocide .,irony,white_grievance,irony,white_grievance,irony,white_grievance
901,barbados  the birthplace of new world slave societies  is the most successful black country .,incitement,inferiority,incitement,incitement,incitement,inferiority
905,when you drab the swamp in sacramento!,threatening,inferiority,threatening,inferiority,threatening,inferiority
907,white boy metal #blackmetal #paganmetal #altright #whitegenocide #nationalsocialism #whitepride,incitement,white_grievance,incitement,white_grievance,incitement,white_grievance
908,in a nutshell  if our government defends us and works for our interests  it's deemed hostile to a jewish minority .,white_grievance,stereotypical,white_grievance,stereotypical,white_grievance,stereotypical
911,translated that means throw out all current immigration laws and open the borders to the masses.,irony,white_grievance,irony,white_grievance,irony,incitement
912,don't tell bernie ; hescandinavian socialism & will shudder islam invasion,stereotypical,incitement,stereotypical,irony,stereotypical,incitement
913,race is the ultimate uniter . deep down the hipster from brooklyn knows he's better off wth the country club old boy than he is with some random non white .,inferiority,inferiority,inferiority,inferiority,inferiority,incitement
915,there are no white people holding you down in jamaica or zimbabwe or ethiopia or liberia . #freedomfailed,incitement,white_grievance,incitement,white_grievance,incitement,white_grievance
916,while the non-white man is free to express his own national and racial identity .,white_grievance,incitement,white_grievance,white_grievance,white_grievance,incitement
918,i don't respect sexualities . sexualities aren't people . and they call themselves queers .,incitement,inferiority,incitement,stereotypical,incitement,inferiority
919,jew killed by a non jew in isreal there is outrage . white children killed by non whites in a white country ; silence .,white_grievance,stereotypical,white_grievance,stereotypical,white_grievance,stereotypical
921,blacks in us literally take more then they give back  your people are taking white tax dollars & complaining that it's still not enough,stereotypical,white_grievance,stereotypical,white_grievance,stereotypical,white_grievance
924,Illegal immigration has soared back to pre-Trump levels because NOTHING is being done about it. They're not afraid.,threatening,white_grievance,threatening,white_grievance,threatening,white_grievance
925,not white in the head - breitbart via,incitement,white_grievance,incitement,white_grievance,incitement,white_grievance
927,no peace in america with muslims on u.s. soil. no such thing as a good muslim. they must be removed,threatening,threatening,threatening,threatening,threatening,incitement
931,great news . deport all illegals . send usbp to cities to assist ice . all the prs coming after maria can take their jobs . very positive .,incitement,threatening,incitement,threatening,incitement,threatening
936,aggressive hiv strain causes aids faster - african expected to bring it to the usa and europe via,stereotypical,inferiority,stereotypical,stereotypical,stereotypical,inferiority
937,"then you are living in an imaginary mzansi , go watch kalushi and learn a few things.",inferiority,irony,inferiority,inferiority,inferiority,irony
942,because white people rule the first world countries .,incitement,incitement,incitement,inferiority,incitement,inferiority
943,: caleb russell inspires next #cair bus ad : #myjihad is to kill all the white people on this bus,stereotypical,white_grievance,stereotypical,stereotypical,stereotypical,white_grievance
947," rt  "" master race "" "" ? well thanks  but "" "" white people "" "" will do . """,incitement,incitement,incitement,inferiority,incitement,white_grievance
948,kkk we have americans doing that here as well ! where are those stories ? that's right you hate everybody who isn't white,incitement,white_grievance,incitement,white_grievance,incitement,white_grievance
950,"omg- i didn't realize the infection had spread that far. we need a cure, fast! we need a good dose of #maga",inferiority,inferiority,inferiority,inferiority,inferiority,irony
951,hey greg  you're a ( ( ( chosenite ) ) ) and therefore your opinion is null in matters of white,incitement,white_grievance,incitement,white_grievance,incitement,white_grievance
953,it's everywhere. doc to introduce electronic-monitoring program to help #overpopulation problem: #toomanypeople,threatening,inferiority,threatening,stereotypical,threatening,inferiority
954," screaming  "" hate "" "" when people make basic factual statements about jews and their influence isn't effective """,stereotypical,stereotypical,stereotypical,stereotypical,stereotypical,white_grievance
956,maybe you should go to black lives matter and whine about your white guilt,incitement,white_grievance,incitement,white_grievance,incitement,white_grievance
957,. hey watch this . #leftism = enabling #islamists since times before #crusades . #historyrepeats,white_grievance,stereotypical,white_grievance,stereotypical,white_grievance,stereotypical
958,Citizens grand jury can get rid of them,threatening,threatening,threatening,threatening,threatening,incitement
960,rick perry on illegal mestizo invaders lunatic ... helping to push white #genocide in #america,stereotypical,white_grievance,stereotypical,white_grievance,stereotypical,white_grievance
961,"The day we’re allowed to remove these pigs 1 by 1 will truly be a wonderful day. I believe once the weak whites, and ALL brown menaces are gone the remaining ppl left will really know freedom.",threatening,inferiority,threatening,inferiority,threatening,inferiority
962,another white man shot by negroes over confederate flag on his car | full story :,stereotypical,stereotypical,stereotypical,white_grievance,stereotypical,white_grievance
963,a perfect demonstration of fear-based mind control programming #withjewswelose #nomorejewishlies,stereotypical,inferiority,stereotypical,stereotypical,stereotypical,incitement
964,how many americans & their dreams must die @ th hands of illegal aliens b4 we secure our borders,stereotypical,incitement,stereotypical,stereotypical,stereotypical,inferiority
971,your white privilege is showing through bro #maga,irony,incitement,irony,white_grievance,irony,incitement
973,"did you know 98% of farmers in america are white? if it wasn't for white people, you wouldn't even be on twitter right now.",inferiority,inferiority,inferiority,stereotypical,inferiority,stereotypical
975,"in an industry of smart, spergy whites & asians, it wld be remarkable if there weren't dissident rightists.",inferiority,inferiority,inferiority,stereotypical,inferiority,incitement
979,"no daca send them back to country of origin, build the wall, stop illegals from any birth rights to children or entitlements. no reason to come they'll stop.",threatening,white_grievance,threatening,threatening,threatening,incitement
982,zionists : marxists ; socialists ( like the dsa ) ? ! liberalist  globalist ... islamist  lgbt  & multiculturalism . nexus genocide of white people,white_grievance,white_grievance,white_grievance,white_grievance,white_grievance,stereotypical
985,you're the only independent white person  the others are slaves to jews  iranians  pakistanis  moslems,white_grievance,stereotypical,white_grievance,inferiority,white_grievance,inferiority
987," #makeacelebrityirish samuel l jacknazi #samjacknazi  "" : happy #stpatricksday ; #ireland #aryan "" "" #racetogether # 8 """,irony,incitement,irony,incitement,irony,incitement
988,most of you wouldn't even exist were it not for the billions in aid from white countries.,inferiority,inferiority,inferiority,inferiority,inferiority,white_grievance
989,i wonder if this is related to the hordes of imported third worlders . that couldn't be  the jewish elites told us they'd contribute to a stronger  wealthier  more tolerant society and definitely not cause massive social and economic problems .,stereotypical,inferiority,stereotypical,stereotypical,stereotypical,inferiority
992,bcs in this hell hole state. illegals have more rights than citizens.,white_grievance,inferiority,white_grievance,inferiority,white_grievance,inferiority
995,"if you want to live under the constitution you must give up natural order. natural, animalized order is all non-reform muslims know",inferiority,inferiority,inferiority,inferiority,inferiority,incitement
997,islamist infestation in white house ? #rt #stopislam #crusades #makedclisten #wakeupamerica,incitement,stereotypical,incitement,stereotypical,incitement,stereotypical
998,... many arrests of muslim youth in bharat regarding sexual violence against animals ... its happening,stereotypical,stereotypical,stereotypical,inferiority,stereotypical,inferiority
1005,& i talk alt media  israels role in 9/11  wwii revisionism & the jewish assault on western civilization,incitement,stereotypical,incitement,stereotypical,incitement,stereotypical
1007,"you live in a shit hole, and the muslims will make nazis look like school boys. fuck mohammed and islam",incitement,inferiority,incitement,stereotypical,incitement,inferiority
1010,doesn't having white friends usually clear blacks of hate crime charges ?,stereotypical,white_grievance,stereotypical,white_grievance,stereotypical,white_grievance
1011,enforce immigration laws or become 'a third-world nation' - via,inferiority,inferiority,inferiority,inferiority,inferiority,incitement
1012," who are we ? - ( of ) proposes the term  "" white advocate "" "" over #wn  #altright  identitarian """,incitement,white_grievance,incitement,white_grievance,incitement,white_grievance
1014,america in 2050 and beyond will look more like brazil ( due to 100 million black people ),incitement,inferiority,incitement,stereotypical,incitement,inferiority
1016,pl. put all these cair etc in guantanamo prison without food,threatening,threatening,threatening,threatening,threatening,irony
1020,come on  hedd ! you know white people arent allowed to identify and associate based on race ! only blacks  asians  jews and mestizos can do that ! we have to help all people ! even if they hate our guts ! its almost as if were called upon to be better than them ...,white_grievance,white_grievance,white_grievance,white_grievance,white_grievance,incitement
1022,"he should be shipped off to the middle east and have to serve 1 year, until he can return to the nfl! i think he needs a visual aid..",threatening,threatening,threatening,threatening,threatening,irony
1025,"you got adopted because you are white, healthy, and female",inferiority,inferiority,inferiority,inferiority,inferiority,incitement
1027,"no gov support rt data showsice releases alleged illegal immigrants,violent convicts #immigration enforce th",incitement,white_grievance,incitement,stereotypical,incitement,white_grievance
1030,arrest the idiot. put him in an iranian jail.,incitement,threatening,incitement,threatening,incitement,threatening
1033,"#noamnesty ,forward deployment is economic security.",threatening,incitement,threatening,incitement,threatening,incitement
1036,why are we always told we should be more tolerant of islam ? why dont we ever hear that islam needs t,white_grievance,stereotypical,white_grievance,stereotypical,white_grievance,stereotypical
1040," and after they are done fighting the other muslims ? they come after us .  "" do some reading "" "" ! ! """,stereotypical,stereotypical,stereotypical,stereotypical,stereotypical,threatening
1044,not he ones that want global sharia #shariafree2016,stereotypical,stereotypical,stereotypical,stereotypical,stereotypical,incitement
1045,"looks like neocon globalists got control, tragic",stereotypical,inferiority,stereotypical,irony,stereotypical,incitement
1048,but the reality is that many of them want the white man's civilization without the white man in it .,white_grievance,white_grievance,white_grievance,white_grievance,white_grievance,incitement
1049,: it is in white people's interest to support iran and syria's war against isis and globalist-semitism ( israel,incitement,white_grievance,incitement,stereotypical,incitement,stereotypical
1052," rt :  "" white privilege conference "" "" says resisting jihad is racist  bashes robert spencer and pamela gell """,irony,stereotypical,irony,white_grievance,irony,stereotypical
1053,oh  i thought ben sasse was the jew who said it was time to wound white people .,stereotypical,stereotypical,stereotypical,stereotypical,stereotypical,white_grievance
1055,go for it. i'll pay to transport illegals to your state. win win for u and me,threatening,threatening,threatening,irony,threatening,irony
1056,absolute proof jews enemyof white race !,incitement,stereotypical,incitement,stereotypical,incitement,white_grievance
1057,muslims voting against hindu candidates in india is regarded as secular  hindus voting for hindu candidates considered communal .,white_grievance,stereotypical,white_grievance,stereotypical,white_grievance,stereotypical
1058," when islam is just  "" stuff white people like "" "" via """,irony,stereotypical,irony,white_grievance,irony,stereotypical
1059,tim wise is not white  he is jewish .,stereotypical,stereotypical,stereotypical,stereotypical,stereotypical,incitement
1061,"sick, sick, sick this muslim religion is very sick! penalty should have been removal of his private parts!",stereotypical,threatening,stereotypical,threatening,stereotypical,threatening
1063,"gay or transgender, should not be in the scouts lgbt behavior not appropriate for scouts, not born that way",inferiority,stereotypical,inferiority,stereotypical,inferiority,stereotypical
1064,"lol sure you do hon, you value god so much you support daily the slaughter if his most precious gifts. save illegals & kill babies",irony,inferiority,irony,stereotypical,irony,stereotypical
1065,i get a racist vibe from u caroline not that ur white more like a lesser mexican country,inferiority,white_grievance,inferiority,stereotypical,inferiority,white_grievance
1066,60% unemployment in black communities. close the border and hire americans first! #boycottstarbucks #maga,white_grievance,incitement,white_grievance,stereotypical,white_grievance,incitement
1070,is not a white supremacist organization . theyre promoting the assertion of white identity in order to help combat the issues our country is facing as a result of anti-white hatred and discrimination along with uncontrolled immigration,incitement,white_grievance,incitement,white_grievance,incitement,white_grievance
1072,article 4 sec 4 of our constitution . black & white . we are being invaded .,white_grievance,incitement,white_grievance,white_grievance,white_grievance,incitement
1080,christian leader : gay musical is ' sexual propaganda ' caught lying about obama  yet again,incitement,stereotypical,incitement,stereotypical,incitement,stereotypical
1081,"black skin would get the white man tax breaks on owning a business, reduce his chances of getting fired from a job, get him into college cheaper and easier, give him victory over political correctness. dark chocolate spray tans for the white man.",irony,irony,irony,white_grievance,irony,incitement
1082,i'm sure they will protect a gay jew .,white_grievance,incitement,white_grievance,stereotypical,white_grievance,stereotypical
1083,why dont the british take the dreamers. they are here illegally and need to be deported. only 45% of dreamers have a hs education. what is their benefit to our economy.,threatening,threatening,threatening,incitement,threatening,incitement
1087,: estonia : 1000 white nationalists protest against non-white invasion ),incitement,white_grievance,incitement,white_grievance,incitement,white_grievance
1090,now why would british jews want an influx of syrian moslems ?,incitement,stereotypical,incitement,stereotypical,incitement,stereotypical
1093," africa to be 80 % white  "" within 100 years "" "" i'm sure no one will mind . that would be racist . """,stereotypical,white_grievance,stereotypical,white_grievance,stereotypical,white_grievance
1095,"toss their carcasses over the border, or in prison.",threatening,threatening,threatening,threatening,threatening,inferiority
1100,murdered white south african farmer couple tortured for hours by racist blacks  court hears via,white_grievance,stereotypical,white_grievance,stereotypical,white_grievance,stereotypical
1105,the humanitarian crisis & the coming crime wave in u.s. cities stop the #amnesty nightmare!,white_grievance,incitement,white_grievance,stereotypical,white_grievance,stereotypical
1106,sorry muslim not the highest,inferiority,inferiority,inferiority,inferiority,inferiority,stereotypical
1109,don't say that to him he is black what are you a racist smh whites are the worst,irony,white_grievance,irony,white_grievance,irony,white_grievance
1110,and she has the nerve to talk about a minimum wage increase. deport the illegals and wages and jobs go up.,white_grievance,threatening,white_grievance,white_grievance,white_grievance,incitement
1111,mlk walked over edmund pettus . white people built it .,inferiority,incitement,inferiority,incitement,inferiority,incitement
1113,race war brewing : dallas shooter confirmed member of new black panther party | read more : via,stereotypical,stereotypical,stereotypical,white_grievance,stereotypical,incitement
1114,as long as we take jews word for it that they are emphatically not white .,stereotypical,stereotypical,stereotypical,stereotypical,stereotypical,white_grievance
1118,"so much for only the criminals, let the guy back in, for fks sake. #deportisraelis #noduelcitizenship #endaipac",threatening,threatening,threatening,threatening,threatening,irony
1121,let them go. maybe we can get the libs and their pets to go.,inferiority,threatening,inferiority,threatening,inferiority,irony
1127,no  it was just blacks . white liberal cities like seattle  boulder  portland  and state of vermont are fine .,inferiority,stereotypical,inferiority,stereotypical,inferiority,incitement
1128,see shucking and jiving for the white man is paying off,stereotypical,irony,stereotypical,white_grievance,stereotypical,white_grievance
1129,we could save the lives of police officers and cut law enforcement costs by disarming black people . #nra #tcot,stereotypical,incitement,stereotypical,stereotypical,stereotypical,white_grievance
1131,"the so-called intelligent ones who think brexit/trump was victory of ignorance, yet they want islam? beyond stupid",incitement,stereotypical,incitement,stereotypical,incitement,inferiority
1132,time to come out of the shadows and leave this country. it's not fair to people who come here legally.,white_grievance,white_grievance,white_grievance,white_grievance,white_grievance,incitement
1135,"where he is going to put that people those that he is going to legalize are going to bring 30,000 000 million more where??",inferiority,white_grievance,inferiority,white_grievance,inferiority,white_grievance
1138," : australia returns non-white invaders to sri lanka ; jewish  "" human rights "" "" groups flip out """,white_grievance,white_grievance,white_grievance,stereotypical,white_grievance,stereotypical
1139,i support his being set free  but afterwards  he is to be excommunicated from any white,threatening,incitement,threatening,white_grievance,threatening,incitement
1143,"send him to honduras with the other 500,000 pieces of trash",threatening,threatening,threatening,inferiority,threatening,inferiority
1144,i have lived this a know what is in-store for all whites . i've seen our woman raped and brothers beat with 2x4s . blacks and browns hate us .,white_grievance,white_grievance,white_grievance,stereotypical,white_grievance,stereotypical
1145,the ( ( ( fake news media ) ) ),stereotypical,white_grievance,stereotypical,stereotypical,stereotypical,white_grievance
1148,another benefit of having trump in the white house . us citizens & legal taxpayers should not be paying taxes to support illegal aliens .,white_grievance,white_grievance,white_grievance,white_grievance,white_grievance,incitement
1151,francis the talking pope is such a fool it's almost entertaining unless ur catholic. imam's all need psychotherapy or lead.,inferiority,irony,inferiority,inferiority,inferiority,irony
1157,suck my dick douche bag. freebies please i wish. me and my whole family were born in the usa. shoot yourself loser,threatening,irony,threatening,irony,threatening,irony
1161,that's a consolationto be killed by a middle class  educated jihadi rather than by,inferiority,stereotypical,inferiority,stereotypical,inferiority,stereotypical
1169,jews aren't white .,stereotypical,stereotypical,stereotypical,stereotypical,stereotypical,incitement
1171,it's 100 % correct that whites and blacks shouldnot date  we are a minority compare,incitement,incitement,incitement,inferiority,incitement,inferiority
1173,"right, so lets outlaw it so women still cloths hooks up their snatch instead.",threatening,irony,threatening,irony,threatening,irony
1175,"unreal! according to lynch, we now have over 30 million mexican illegals in the usa.",inferiority,inferiority,inferiority,stereotypical,inferiority,stereotypical
1177,"you may have a family that love you, real love, and that ever nagging resposibility that feels inescapable . still, once black, you never go back home to the kids",stereotypical,inferiority,stereotypical,stereotypical,stereotypical,inferiority
1179,switzerland : africans kill elderly white man then start screaming about racism #swrm via,white_grievance,stereotypical,white_grievance,stereotypical,white_grievance,stereotypical
1182,what do you call a smart black person ? nonexistent .,inferiority,irony,inferiority,irony,inferiority,irony
1192,"  "" : expulsion of white farmers has destroyed zimbabwe via "" "" """,incitement,white_grievance,incitement,white_grievance,incitement,white_grievance
1193,modern definition of racist : any white person who doesn't hate other white people enough to please leftists and non-whites .,irony,white_grievance,irony,white_grievance,irony,white_grievance
1195,but thats deceptive bcuz not all pigmentated people fail . is it african ethnic groups ? is it a tribal mentality ?,stereotypical,stereotypical,stereotypical,stereotypical,stereotypical,inferiority
1198,no shit! everything's bout muslims lately. maybe they should stay over there if they don't like my tatas n beer! #f'm,threatening,irony,threatening,irony,threatening,irony
1209,: david duke : the racial murder and rape of white women in america,stereotypical,white_grievance,stereotypical,white_grievance,stereotypical,white_grievance
1216,in a time where slavery was everywhere  white people were the first to stand against its horror . period . slavery is alive and well in muslim,stereotypical,white_grievance,stereotypical,white_grievance,stereotypical,white_grievance
1217,following the jcc arrest  can we be smarter about anti-semitism ? via,incitement,stereotypical,incitement,stereotypical,incitement,white_grievance
1219,the black guy is trying to tell the other guy what his iq is . #drainthesewer,stereotypical,inferiority,stereotypical,irony,stereotypical,irony
1221,sure  i want to destroy the enemy  but larping with gay swastika shir,irony,incitement,irony,stereotypical,irony,incitement
1225,we don't need their permission 2 take their ppl back. bring 2 border & throw them back. enough of this being civil 2 uncivilized countries,threatening,threatening,threatening,inferiority,threatening,incitement
1226,blue lives do matterwhen the cop is white,inferiority,white_grievance,inferiority,white_grievance,inferiority,irony
1227,"let them test my wall, will only test it onceelectrify the wall with extremely high voltage.",threatening,irony,threatening,irony,threatening,irony
1228,i agree with everything . black people are more racist than white people . sorry but is the truth .. thank you for your truth .,stereotypical,white_grievance,stereotypical,white_grievance,stereotypical,white_grievance
1235,white resistance increases as minority status looms | read more : via,incitement,white_grievance,incitement,white_grievance,incitement,white_grievance
1236,moscow bans george soros funds as threat to security via #withjewswelose,stereotypical,incitement,stereotypical,incitement,stereotypical,incitement
1237,erryone knows jews  hispanics and mulattos are white .,irony,stereotypical,irony,stereotypical,irony,incitement
1242,cbn : sweden is on the fast tract to become a 3rd world country #swrm via,incitement,inferiority,incitement,inferiority,incitement,inferiority
1245,your are saving face with muslims in general so you do not get fire bombed . the candy coating does not cut it .,stereotypical,irony,stereotypical,white_grievance,stereotypical,irony
1249,white people need to travel in groups of 3 to 5.america is a combat zone.no respect for womenchildren elderly .,white_grievance,white_grievance,white_grievance,white_grievance,white_grievance,incitement
1250,feds only deport half of illegal aliens arrested for crimes in america! #immigration #tcot #afire,incitement,threatening,incitement,stereotypical,incitement,stereotypical
1251,rt! illegal aliens should not have driving privileges!,threatening,inferiority,threatening,inferiority,threatening,inferiority
1252,i'll take these guys. you fags go find your own country,white_grievance,threatening,white_grievance,threatening,white_grievance,inferiority
